Event,Date,Latitude,Longitude,Category,Description
Assassination of Archduke Franz Ferdinand,1914-06-28,43.5128,18.2544,Assassination,"The assassination of the heir to the Austro-Hungarian throne is widely considered the spark that ignited World War I. The subsequent declarations of war and mobilization of alliances led to a global conflict."
First Battle of the Marne,1914-09-06,48.9997,3.0400,Battle,"The First Battle of the Marne was a major Allied victory on the Western Front. French and British forces halted the German advance toward Paris, preventing Germany from achieving an early victory in the west."
Gallipoli Campaign,1915-04-25,40.3450,26.2500,Invasion,"The Gallipoli Campaign was an Allied attempt to open a route to Russia and force the Ottoman Empire out of World War I. Allied forces landed on the Gallipoli peninsula but faced strong Ottoman resistance."
Battle of Verdun,1916-02-21,49.1600,5.3800,Battle,"The Battle of Verdun was one of the longest battles of World War I. French and German forces fought for months in a campaign that became a symbol of the enormous human cost of trench warfare."
Battle of the Somme,1916-07-01,50.0150,2.6500,Battle,"The Battle of the Somme was a major Allied offensive on the Western Front. The battle lasted from July to November 1916 and resulted in enormous casualties on both sides."
United States Enters World War I,1917-04-06,38.9072,-77.0369,Political,"The United States formally entered World War I by declaring war on Germany. American military and economic resources subsequently became an important part of the Allied war effort."
Russian Revolution,1917-11-07,59.9343,30.3351,Political,"The October Revolution brought the Bolsheviks to power in Russia. The new government eventually negotiated an end to Russia's participation in World War I."
Armistice of 1918,1918-11-11,49.0500,2.7333,Armistice,"The Armistice of 11 November 1918 ended the fighting between the Allied powers and Germany on the Western Front and brought World War I to an end."
German Invasion of Poland,1939-09-01,54.2427,18.4017,Invasion,"The German invasion of Poland began on 1 September 1939 and marked the beginning of World War II in Europe. German forces attacked Poland from several directions using coordinated land and air forces."
Fall of France,1940-05-10,49.4432,1.0993,Invasion,"Germany launched its offensive against France and the Low Countries in May 1940. French forces were defeated within weeks, leading to the occupation of much of France."
Dunkirk Evacuation,1940-05-26,51.0344,2.3768,Evacuation,"The Dunkirk evacuation, known as Operation Dynamo, evacuated hundreds of thousands of Allied troops from the French coast to Britain after German forces advanced rapidly through France."
Battle of Britain,1940-07-10,51.5074,-0.1278,Battle,"The Battle of Britain was an air campaign between Germany and Britain. The Royal Air Force resisted the German attempt to gain air superiority over Britain."
The Blitz,1940-09-07,51.5074,-0.1278,Attack,"The Blitz was a prolonged German bombing campaign against British cities during World War II. London and other urban areas were subjected to repeated air raids."
Operation Barbarossa,1941-06-22,52.5200,13.4050,Invasion,"Operation Barbarossa was Germany's invasion of the Soviet Union. It became one of the largest military operations in history and opened the Eastern Front."
Siege of Leningrad,1941-09-08,59.9311,30.3609,Attack,"The Siege of Leningrad was a prolonged blockade of the Soviet city by German and Finnish forces. The siege lasted nearly 900 days and caused immense civilian suffering."
Attack on Pearl Harbor,1941-12-07,21.2104,157.5848,Attack,"This surprise attack by Japan on the US naval base at Pearl Harbor resulted in the deaths of over 2,400 Americans and led the United States to enter World War II."
Battle of Midway,1942-06-04,30.0000,-177.0000,Battle,"The Battle of Midway was a major naval battle between the United States and Japan in the Pacific. The American victory significantly changed the strategic balance in the Pacific War."
Battle of Stalingrad,1942-08-23,48.7080,44.5133,Battle,"The Battle of Stalingrad was a major confrontation between German and Soviet forces. The Soviet victory became a major turning point on the Eastern Front."
Allied Invasion of Sicily,1943-07-09,37.5999,14.0154,Invasion,"The Allied invasion of Sicily began the campaign to drive Axis forces from Italy. The campaign contributed to the fall of Benito Mussolini's government."
D-Day,1944-06-06,49.2505,1.1035,Invasion,"The Allied invasion of Normandy, also known as D-Day, was a massive amphibious assault on the beaches of France. It marked the beginning of the liberation of Western Europe from Nazi control."
Liberation of Paris,1944-08-19,48.8566,2.3522,Invasion,"The Liberation of Paris occurred when Allied and French forces entered the French capital and German forces withdrew. It marked an important stage in the liberation of France."
Battle of the Bulge,1944-12-16,50.2500,5.6667,Battle,"The Battle of the Bulge was Germany's final major offensive on the Western Front. Allied forces eventually repelled the offensive and continued their advance into Germany."
Atomic Bombing of Hiroshima,1945-08-06,34.3853,132.4553,Attack,"The United States dropped an atomic bomb on Hiroshima on 6 August 1945. The bombing caused enormous destruction and loss of life and was followed by the Soviet declaration of war on Japan."
Atomic Bombing of Nagasaki,1945-08-09,32.7730,129.8640,Attack,"The United States dropped an atomic bomb on Nagasaki three days after Hiroshima. Japan announced its surrender shortly afterward, bringing World War II to an end."